Transaction_ID,R_Type,Amount,Currency
337,Deposit,384746.25,TL
338,Deposit,708353.25,TL
339,Deposit,291479.25,TL
340,Deposit,713584.5,TL
341,Deposit,304781.25,TL
342,Deposit,183979.5,TL
343,Deposit,120130.5,TL
344,Deposit,270429.75,TL
345,Deposit,611901.75,TL
346,Deposit,499364.25,TL
347,Deposit,506032.5,TL
348,Deposit,362154,TL
349,Deposit,395202,TL
350,Deposit,261182.25,TL
351,Deposit,395629.5,TL
352,Deposit,27298.5,TL
353,Deposit,237526.5,TL
354,Deposit,663375,TL
355,Deposit,57195.75,TL
356,Deposit,399005.25,TL
357,Deposit,68688,TL
358,Deposit,34224.75,TL
359,Deposit,615016.5,TL
360,Deposit,749216.25,TL
361,Deposit,26420.25,TL
362,Deposit,714204.75,TL
363,Deposit,91377,TL
364,Deposit,597460.5,TL
365,Deposit,210412.5,TL
366,Deposit,21242.25,TL
367,Deposit,165832.5,TL
368,Deposit,358536,TL
369,Deposit,579800.25,TL
370,Deposit,509021.25,TL
371,Deposit,628547.25,TL
372,Deposit,448446,TL
373,Deposit,601636.5,TL
374,Deposit,102603.75,TL
375,Deposit,139028.25,TL
376,Deposit,517713.75,TL
377,Deposit,107254.5,TL
378,Deposit,254001.75,TL
379,Deposit,653288.25,TL
380,Deposit,285631.5,TL
381,Deposit,654972,TL
382,Deposit,748368.75,TL
383,Deposit,1352.25,TL
384,Deposit,558152.25,TL
385,Deposit,531324.75,TL
386,Deposit,209202.75,TL
387,Deposit,583132.5,TL
388,Deposit,425925.75,TL
389,Deposit,98970.75,TL
390,Deposit,448365.75,TL
391,Deposit,3936,TL
392,Deposit,107506.5,TL
393,Deposit,517479.75,TL
394,Deposit,83834.25,TL
395,Deposit,191363.25,TL
396,Deposit,425934.75,TL
397,Deposit,423564.75,TL
398,Deposit,304851,TL
399,Deposit,622968,TL
400,Deposit,234802.5,TL
401,Deposit,709775.25,TL
402,Deposit,550672.5,TL
403,Deposit,248913.75,TL
404,Deposit,742446,TL
405,Deposit,585372,TL
406,Deposit,685215,TL
407,Deposit,265857,TL
408,Deposit,620196.75,TL
409,Deposit,139945.5,TL
410,Deposit,495798,TL
411,Deposit,587516.25,TL
412,Deposit,272544.75,TL
413,Deposit,159408.75,TL
414,Deposit,519688.5,TL
415,Deposit,163775.25,TL
416,Deposit,193711.5,TL
417,Deposit,465231,TL
418,Deposit,307387.5,TL
419,Deposit,223745.25,TL
420,Deposit,686436,TL
421,Deposit,61210.5,TL
422,Deposit,266517.75,TL
423,Deposit,58995,TL
424,Deposit,624794.25,TL
425,Deposit,377685,TL
426,Deposit,694758,TL
427,Deposit,121111.5,TL
428,Deposit,153563.25,TL
429,Deposit,150903.75,TL
430,Deposit,4563.75,TL
431,Deposit,732898.5,TL
432,Deposit,232014.75,TL
433,Deposit,215255.25,TL
434,Deposit,216389.25,TL
435,Deposit,354850.5,TL
436,Deposit,500104.5,TL
437,Deposit,718237.5,TL
438,Deposit,50787.75,TL
439,Deposit,358079.25,TL
440,Deposit,569760.75,TL
441,Deposit,242406.75,TL
442,Deposit,133114.5,TL
443,Deposit,131550,TL
444,Deposit,273442.5,TL
445,Deposit,35112,TL
446,Deposit,437588.25,TL
447,Deposit,345414,TL
448,Deposit,136248,TL
449,Deposit,255552,TL
450,Deposit,640212.75,TL
451,Deposit,303273.75,TL
452,Deposit,376682.25,TL
453,Deposit,599612.25,TL
454,Deposit,272442,TL
455,Deposit,544520.25,TL
456,Deposit,84695.25,TL
457,Deposit,106076.25,TL
458,Deposit,469597.5,TL
459,Deposit,703321.5,TL
460,Deposit,373806.75,TL
461,Deposit,133083,TL
462,Deposit,439820.25,TL
463,Deposit,593486.25,TL
464,Deposit,506987.25,TL
465,Deposit,171216,TL
466,Deposit,40817.25,TL
467,Deposit,568281.75,TL
468,Deposit,503566.5,TL
469,Deposit,579264,TL
470,Deposit,542829.75,TL
471,Deposit,401277,TL
472,Deposit,546674.25,TL
473,Deposit,240579,TL
474,Deposit,277085.25,TL
475,Deposit,748517.25,TL
476,Deposit,627667.5,TL
477,Deposit,292003.5,TL
478,Deposit,669554.25,TL
479,Deposit,433715.25,TL
480,Deposit,35633.25,TL
481,Deposit,723565.5,TL
482,Deposit,640038,TL
483,Deposit,596736.75,TL
484,Deposit,276366,TL
485,Deposit,35589,TL
486,Deposit,6537.75,TL
487,Deposit,411431.25,TL
488,Deposit,536235.75,TL
489,Deposit,520473.75,TL
490,Deposit,124443.75,TL
491,Deposit,611802.75,TL
492,Deposit,392041.5,TL
493,Deposit,359193,TL
494,Deposit,259390.5,TL
495,Deposit,465688.5,TL
496,Deposit,108348.75,TL
497,Deposit,337560,TL
498,Deposit,641565,TL
499,Deposit,352418.25,TL
500,Deposit,58839.75,TL
501,Deposit,344487.75,TL
502,Deposit,277964.25,TL
503,Deposit,735473.25,TL
504,Deposit,308015.25,TL
505,Deposit,163826.25,TL
506,Deposit,407391,TL
507,Deposit,72849,TL
508,Deposit,443968.5,TL
509,Deposit,412927.5,TL
510,Deposit,721068,TL
511,Deposit,76753.5,TL
512,Deposit,612141,TL
513,Deposit,64808.25,TL
514,Deposit,389443.5,TL
515,Deposit,470317.5,TL
516,Deposit,613737.75,TL
517,Deposit,66733.5,TL
518,Deposit,283173,TL
519,Deposit,742304.25,TL
520,Deposit,651028.5,TL
521,Deposit,136137,TL
522,Deposit,553382.25,TL
523,Deposit,371232,TL
524,Deposit,74921.25,TL
525,Deposit,375105.75,TL
526,Deposit,443082.75,TL
527,Deposit,577995,TL
528,Deposit,68094,TL
529,Deposit,147155.25,TL
530,Deposit,338097.75,TL
531,Deposit,620885.25,TL
532,Deposit,579537,TL
533,Deposit,204678.75,TL
534,Deposit,632014.5,TL
535,Deposit,218943,TL
536,Deposit,263602.5,TL
537,Deposit,342345.75,TL
538,Deposit,725525.25,TL
539,Deposit,128783.25,TL
540,Deposit,668619.75,TL
541,Deposit,130749,TL
542,Deposit,406067.25,TL
543,Deposit,456424.5,TL
544,Deposit,466751.25,TL
545,Deposit,555863.25,TL
546,Deposit,208878,TL
547,Deposit,209242.5,TL
548,Deposit,618081.75,TL
549,Deposit,403297.5,TL
550,Deposit,645522.75,TL
551,Deposit,383946,TL
552,Deposit,267954,TL
553,Deposit,231928.5,TL
554,Deposit,400511.25,TL
555,Deposit,544410,TL
556,Deposit,387242.25,TL
557,Deposit,529330.5,TL
558,Deposit,490953,TL
559,Deposit,368378.25,TL
560,Deposit,680640,TL
561,Deposit,631371,TL
562,Deposit,458133.75,TL
563,Deposit,284354.25,TL
564,Deposit,358114.5,TL
565,Deposit,720561.75,TL
566,Deposit,413587.5,TL
567,Deposit,579539.25,TL
568,Deposit,489420.75,TL
569,Deposit,192079.5,TL
570,Deposit,195572.25,TL
571,Deposit,736371.75,TL
572,Deposit,591033,TL
573,Deposit,392955,TL
574,Deposit,254902.5,TL
575,Deposit,249135,TL
576,Deposit,578953.5,TL
577,Deposit,448647,TL
578,Deposit,431805,TL
579,Deposit,283161.75,TL
580,Deposit,509711.25,TL
581,Deposit,342160.5,TL
582,Deposit,7897.5,TL
583,Deposit,17458.5,TL
584,Deposit,625335.75,TL
585,Deposit,353975.25,TL
586,Deposit,569466,TL
587,Deposit,107017.5,TL
588,Deposit,366311.25,TL
589,Deposit,406358.25,TL
590,Deposit,50013.75,TL
591,Deposit,163731.75,TL
592,Deposit,469374,TL
593,Deposit,533118,TL
594,Deposit,331542.75,TL
595,Deposit,484675.5,TL
596,Deposit,24613.5,TL
597,Deposit,365542.5,TL
598,Deposit,725159.25,TL
599,Deposit,453505.5,TL
600,Deposit,678552.75,TL
601,Deposit,187128.75,TL
602,Deposit,22474.5,TL
603,Deposit,604986,TL
604,Deposit,536874.75,TL
605,Deposit,13755,TL
606,Deposit,609800.25,TL
607,Deposit,24001.5,TL
608,Deposit,742047.75,TL
609,Deposit,302196,TL
610,Deposit,617349.75,TL
611,Deposit,49031.25,TL
612,Deposit,677456.25,TL
613,Deposit,528309,TL
614,Deposit,485583.75,TL
615,Deposit,415808.25,TL
616,Deposit,280619.25,TL
617,Deposit,6829.5,TL
618,Deposit,670437.75,TL
619,Deposit,259866.75,TL
620,Deposit,283807.5,TL
621,Deposit,447514.5,TL
622,Deposit,728442.75,TL
623,Deposit,46815.75,TL
624,Deposit,590709,TL
625,Deposit,107380.5,TL
626,Deposit,721742.25,TL
627,Deposit,16506,TL
628,Deposit,692898.75,TL
629,Deposit,5931.75,TL
630,Deposit,261656.25,TL
631,Deposit,111798,TL
632,Deposit,279600,TL
633,Deposit,269664,TL
634,Deposit,567802.5,TL
635,Deposit,114321.75,TL
636,Deposit,248679.75,TL
637,Deposit,13677.75,TL
638,Deposit,157817.25,TL
639,Deposit,78539.25,TL
640,Deposit,685948.5,TL
641,Deposit,501954,TL
642,Deposit,450444,TL
643,Deposit,391493.25,TL
644,Deposit,293652.75,TL
645,Deposit,403810.5,TL
646,Deposit,162171.75,TL
647,Deposit,138894.75,TL
648,Deposit,217547.25,TL
649,Deposit,532132.5,TL
650,Deposit,154698,TL
651,Deposit,178664.25,TL
652,Deposit,495150.75,TL
653,Deposit,9306.75,TL
654,Deposit,597292.5,TL
655,Deposit,410697.75,TL
656,Deposit,425636.25,TL
657,Deposit,609258.75,TL
658,Deposit,694592.25,TL
659,Deposit,686442.75,TL
660,Deposit,44403,TL
661,Deposit,68669.25,TL
662,Deposit,546543.75,TL
663,Deposit,373902,TL
664,Deposit,322617.75,TL
665,Deposit,697338.75,TL
666,Deposit,703032.75,TL
667,Deposit,532906.5,TL
668,Deposit,453968.25,TL
669,Deposit,646673.25,TL
670,Deposit,651303,TL
671,Deposit,711855.75,TL
672,Deposit,637487.25,TL
673,Deposit,466560.75,TL
674,Deposit,79476,TL
675,Deposit,550756.5,TL
676,Deposit,616635.75,TL
677,Deposit,344285.25,TL
678,Deposit,294393,TL
679,Deposit,166118.25,TL
680,Deposit,140841,TL
681,Deposit,424776.75,TL
682,Deposit,386617.5,TL
683,Deposit,451260.75,TL
684,Deposit,476364.75,TL
685,Deposit,109277.25,TL
686,Deposit,129697.5,TL
687,Deposit,450702,TL
688,Deposit,108777.75,TL
689,Deposit,219501.75,TL
690,Deposit,674793,TL
691,Deposit,109650.75,TL
692,Deposit,599360.25,TL
693,Deposit,146551.5,TL
694,Deposit,105404.25,TL
695,Deposit,209151,TL
696,Deposit,182536.5,TL
697,Deposit,78198.75,TL
698,Deposit,350311.5,TL
699,Deposit,424105.5,TL
700,Deposit,120858.75,TL
701,Deposit,114710.25,TL
702,Deposit,565856.25,TL
703,Deposit,435348.75,TL
704,Deposit,568212.75,TL
705,Deposit,292134.75,TL
706,Deposit,641432.25,TL
707,Deposit,387977.25,TL
708,Deposit,230727.75,TL
709,Deposit,232884,TL
710,Deposit,704455.5,TL
711,Deposit,466449.75,TL
712,Deposit,208376.25,TL
713,Deposit,586567.5,TL
714,Deposit,153189,TL
715,Deposit,702411,TL
716,Deposit,298443.75,TL
717,Deposit,359348.25,TL
718,Deposit,77586,TL
719,Deposit,593844.75,TL
720,Deposit,244937.25,TL
721,Deposit,657546.75,TL
722,Deposit,439780.5,TL
723,Deposit,443999.25,TL
724,Deposit,175552.5,TL
725,Deposit,290952.75,TL
726,Deposit,77025.75,TL
727,Deposit,525544.5,TL
728,Deposit,530095.5,TL
729,Deposit,343098.75,TL
730,Deposit,210732.75,TL
731,Deposit,489625.5,TL
732,Deposit,651186,TL
733,Deposit,219879,TL
734,Deposit,195786.75,TL
735,Deposit,370893,TL
736,Deposit,379698.75,TL
737,Deposit,334066.5,TL
738,Deposit,474548.25,TL
739,Deposit,588141,TL
740,Deposit,223728.75,TL
741,Deposit,471760.5,TL
742,Deposit,609872.25,TL
743,Deposit,505998,TL
744,Deposit,700859.25,TL
745,Deposit,17385,TL
746,Deposit,361048.5,TL
747,Deposit,406026.75,TL
748,Deposit,39215.25,TL
749,Deposit,586674.75,TL
750,Deposit,285888.75,TL
751,Deposit,615783.75,TL
752,Deposit,313157.25,TL
753,Deposit,482057.25,TL
754,Deposit,301125,TL
755,Deposit,61686,TL
756,Deposit,534547.5,TL
757,Deposit,242049,TL
758,Deposit,261983.25,TL
759,Deposit,646066.5,TL
760,Deposit,470266.5,TL
761,Deposit,655610.25,TL
762,Deposit,180105.75,TL
763,Deposit,350523.75,TL
764,Deposit,511114.5,TL
765,Deposit,203987.25,TL
766,Deposit,187070.25,TL
767,Deposit,586539,TL
768,Deposit,276343.5,TL
769,Deposit,226299.75,TL
770,Deposit,518452.5,TL
771,Deposit,50443.5,TL
772,Deposit,551908.5,TL
773,Deposit,181047,TL
774,Deposit,390801.75,TL
775,Deposit,693077.25,TL
776,Deposit,379009.5,TL
777,Deposit,693846,TL
778,Deposit,670997.25,TL
779,Deposit,634934.25,TL
780,Deposit,132708.75,TL
781,Deposit,391993.5,TL
782,Deposit,194243.25,TL
783,Deposit,195261,TL
784,Deposit,258267,TL
785,Deposit,578956.5,TL
786,Deposit,223425.75,TL
787,Deposit,408372.75,TL
788,Deposit,465436.5,TL
789,Deposit,346548.75,TL
790,Deposit,608724.75,TL
791,Deposit,222505.5,TL
792,Deposit,118182,TL
793,Deposit,509435.25,TL
794,Deposit,202227.75,TL
795,Deposit,15709.5,TL
796,Deposit,549253.5,TL
797,Deposit,525663,TL
798,Deposit,257812.5,TL
799,Deposit,369702.75,TL
800,Deposit,575671.5,TL
801,Deposit,338123.25,TL
802,Deposit,151813.5,TL
803,Deposit,216170.25,TL
804,Deposit,342492.75,TL
805,Deposit,85330.5,TL
806,Deposit,544877.25,TL
807,Deposit,260777.25,TL
808,Deposit,278231.25,TL
809,Deposit,635466,TL
810,Deposit,70020.75,TL
811,Deposit,748130.25,TL
812,Deposit,406017.75,TL
813,Deposit,395472.75,TL
814,Deposit,276210,TL
815,Deposit,406041.75,TL
816,Deposit,19938,TL
817,Deposit,86968.5,TL
818,Deposit,630707.25,TL
819,Deposit,299814,TL
820,Deposit,306080.25,TL
821,Deposit,412909.5,TL
822,Deposit,637154.25,TL
823,Deposit,586769.25,TL
824,Deposit,362564.25,TL
825,Deposit,13320,TL
826,Deposit,559655.25,TL
827,Deposit,37955.25,TL
828,Deposit,502272.75,TL
829,Deposit,74951.25,TL
830,Deposit,356203.5,TL
831,Deposit,187863,TL
832,Deposit,206139,TL
833,Deposit,418455,TL
834,Deposit,717487.5,TL
835,Deposit,584076.75,TL
836,Deposit,633658.5,TL
837,Deposit,337624.5,TL
838,Deposit,79542.75,TL
839,Deposit,587031,TL
840,Deposit,190796.25,TL
841,Deposit,658323,TL
842,Deposit,630815.25,TL
843,Deposit,515537.25,TL
844,Deposit,53668.5,TL
845,Deposit,670060.5,TL
846,Deposit,665976,TL
847,Deposit,146362.5,TL
848,Deposit,749236.5,TL
849,Deposit,10651.5,TL
850,Deposit,400317.75,TL
851,Deposit,155988.75,TL
852,Deposit,651843.75,TL
853,Deposit,254067.75,TL
854,Deposit,549714,TL
855,Deposit,289707,TL
856,Deposit,566652.75,TL
857,Deposit,363464.25,TL
858,Deposit,101976,TL
859,Deposit,357397.5,TL
860,Deposit,188018.25,TL
861,Deposit,325415.25,TL
862,Deposit,505980,TL
863,Deposit,86750.25,TL
864,Deposit,642435,TL
865,Deposit,677628.75,TL
866,Deposit,235161.75,TL
867,Deposit,413272.5,TL
868,Deposit,552020.25,TL
869,Deposit,30843.75,TL
870,Deposit,341887.5,TL
871,Deposit,452182.5,TL
872,Deposit,585517.5,TL
873,Deposit,66217.5,TL
874,Deposit,208803,TL
875,Deposit,180258.75,TL
876,Deposit,49479.75,TL
877,Deposit,112335.75,TL
878,Deposit,722565,TL
879,Deposit,255872.25,TL
880,Deposit,212676,TL
881,Deposit,270939,TL
882,Deposit,294322.5,TL
883,Deposit,422730.75,TL
884,Deposit,501838.5,TL
885,Deposit,417663,TL
886,Deposit,279972,TL
887,Deposit,577425.75,TL
888,Deposit,206630.25,TL
889,Deposit,3434.25,TL
890,Deposit,661579.5,TL
891,Deposit,82545.75,TL
892,Deposit,136128,TL
893,Deposit,673737,TL
894,Deposit,89381.25,TL
895,Deposit,526041.75,TL
896,Deposit,278284.5,TL
897,Deposit,56685.75,TL
898,Deposit,301505.25,TL
899,Deposit,613599.75,TL
900,Deposit,427622.25,TL
901,Deposit,646781.25,TL
902,Deposit,35978.25,TL
903,Deposit,484056,TL
904,Deposit,214931.25,TL
905,Deposit,29335.5,TL
906,Deposit,326658.75,TL
907,Deposit,708337.5,TL
908,Deposit,495935.25,TL
909,Deposit,500856.75,TL
910,Deposit,281549.25,TL
911,Deposit,320076.75,TL
912,Deposit,383767.5,TL
913,Deposit,693174,TL
914,Deposit,578404.5,TL
915,Deposit,180860.25,TL
916,Deposit,92664,TL
917,Deposit,103760.25,TL
918,Deposit,228704.25,TL
919,Deposit,555108.75,TL
920,Deposit,697554,TL
921,Deposit,721576.5,TL
922,Deposit,406931.25,TL
923,Deposit,458788.5,TL
924,Deposit,156144.75,TL
925,Deposit,716814.75,TL
926,Deposit,317611.5,TL
927,Deposit,402556.5,TL
928,Deposit,236751,TL
929,Deposit,684155.25,TL
930,Deposit,427812.75,TL
931,Deposit,573513.75,TL
932,Deposit,596427.75,TL
933,Deposit,692580.75,TL
934,Deposit,177695.25,TL
935,Deposit,290523,TL
936,Deposit,659970.75,TL
937,Deposit,400410.75,USD
938,Deposit,746328.75,USD
939,Deposit,476007,USD
940,Deposit,411042.75,USD
941,Deposit,242012.25,USD
942,Deposit,344253.75,USD
943,Deposit,162281.25,USD
944,Deposit,222077.25,USD
945,Deposit,682647,USD
946,Deposit,328256.25,USD
947,Deposit,442814.25,USD
948,Deposit,169645.5,USD
949,Deposit,520076.25,USD
950,Deposit,687477,USD
951,Deposit,38333.25,USD
952,Deposit,656779.5,USD
953,Deposit,435927.75,USD
954,Deposit,133338.75,USD
955,Deposit,524396.25,USD
956,Deposit,343132.5,USD
957,Deposit,466364.25,USD
958,Deposit,138797.25,USD
959,Deposit,510948,USD
960,Deposit,618039.75,USD
961,Deposit,520347.75,USD
962,Deposit,65150.25,USD
963,Deposit,425465.25,USD
964,Deposit,390311.25,USD
965,Deposit,274713.75,USD
966,Deposit,237063,USD
967,Deposit,279573,USD
968,Deposit,562146,USD
969,Deposit,468387,USD
970,Deposit,228552.75,USD
971,Deposit,394453.5,USD
972,Deposit,702702.75,USD
973,Deposit,303369.75,USD
974,Deposit,204469.5,USD
975,Deposit,23033.25,USD
976,Deposit,639775.5,USD
977,Deposit,587632.5,USD
978,Deposit,673479.75,USD
979,Deposit,136776,USD
980,Deposit,695577,USD
981,Deposit,174704.25,USD
982,Deposit,699733.5,USD
983,Deposit,341892,USD
984,Deposit,354890.25,USD
985,Deposit,416628.75,USD
986,Deposit,741229.5,USD
987,Deposit,454031.25,USD
988,Deposit,20794.5,USD
989,Deposit,1017,USD
990,Deposit,583445.25,USD
991,Deposit,441894,USD
992,Deposit,684799.5,USD
993,Deposit,439137.75,USD
994,Deposit,67004.25,USD
995,Deposit,498780,USD
996,Deposit,314544.75,USD
997,Deposit,610450.5,USD
998,Deposit,468088.5,USD
999,Deposit,666879.75,USD
1000,Deposit,543222,USD
1001,Deposit,649579.5,USD
1002,Deposit,479886.75,USD
1003,Deposit,222064.5,USD
1004,Deposit,580571.25,USD
1005,Deposit,584525.25,USD
1006,Deposit,12660.75,USD
1007,Deposit,177067.5,USD
1008,Deposit,655690.5,USD
1009,Deposit,249927.75,USD
1010,Deposit,728982.75,USD
1011,Deposit,528309,USD
1012,Deposit,496958.25,USD
1013,Deposit,106335.75,USD
1014,Deposit,109376.25,USD
1015,Deposit,6106.5,USD
1016,Deposit,354126,USD
1017,Deposit,695835,USD
1018,Deposit,151917,USD
1019,Deposit,589749.75,USD
1020,Deposit,622082.25,USD
1021,Deposit,55921.5,USD
1022,Deposit,297402.75,USD
1023,Deposit,167796,USD
1024,Deposit,734925.75,USD
1025,Deposit,247253.25,USD
1026,Deposit,589425.75,USD
1027,Deposit,210039.75,USD
1028,Deposit,662792.25,USD
1029,Deposit,726837.75,USD
1030,Deposit,676092,USD
1031,Deposit,670869.75,USD
1032,Deposit,62394.75,USD
1033,Deposit,616336.5,USD
1034,Deposit,537222,USD
1035,Deposit,314191.5,USD
1036,Deposit,155427,USD
1037,Deposit,225453.75,USD
1038,Deposit,527672.25,USD
1039,Deposit,737748.75,USD
1040,Deposit,486861.75,USD
1041,Deposit,742888.5,USD
1042,Deposit,463872,USD
1043,Deposit,79485.75,USD
1044,Deposit,97739.25,USD
1045,Deposit,301990.5,USD
1046,Deposit,296853,USD
1047,Deposit,460650.75,USD
1048,Deposit,334309.5,USD
1049,Deposit,165129,USD
1050,Deposit,160876.5,USD
1051,Deposit,659509.5,USD
1052,Deposit,507318,USD
1053,Deposit,549840.75,USD
1054,Deposit,262316.25,USD
1055,Deposit,315966.75,USD
1056,Deposit,411864.75,USD
1057,Deposit,141061.5,USD
1058,Deposit,678679.5,USD
1059,Deposit,140964.75,USD
1060,Deposit,319597.5,USD
1061,Deposit,347172,USD
1062,Deposit,672543,USD
1063,Deposit,145290.75,USD
1064,Deposit,460971,USD
1065,Deposit,613204.5,USD
1066,Deposit,339808.5,USD
1067,Deposit,560402.25,USD
1068,Deposit,226038,USD
1069,Deposit,352356.75,USD
1070,Deposit,55941,USD
1071,Deposit,149013,USD
1072,Deposit,327591.75,USD
1073,Deposit,296965.5,USD
1074,Deposit,7854,USD
1075,Deposit,745518,USD
1076,Deposit,240555.75,USD
1077,Deposit,52236,USD
1078,Deposit,602737.5,USD
1079,Deposit,625866,USD
1080,Deposit,356274.75,USD
1081,Deposit,610434,USD
1082,Deposit,728511.75,USD
1083,Deposit,683176.5,USD
1084,Deposit,469803.75,USD
1085,Deposit,49753.5,USD
1086,Deposit,453591,USD
1087,Deposit,379329,USD
1088,Deposit,202414.5,USD
1089,Deposit,100857.75,USD
1090,Deposit,296387.25,USD
1091,Deposit,553793.25,USD
1092,Deposit,250374.75,USD
1093,Deposit,714974.25,USD
1094,Deposit,167392.5,USD
1095,Deposit,649282.5,USD
1096,Deposit,694543.5,USD
1097,Deposit,710585.25,USD
1098,Deposit,738774.75,USD
1099,Deposit,259236.75,USD
1100,Deposit,3521.25,USD
1101,Deposit,261015.75,USD
1102,Deposit,578205.75,USD
1103,Deposit,614814,USD
1104,Deposit,65999.25,USD
1105,Deposit,162744,USD
1106,Deposit,645129,USD
1107,Deposit,208890,USD
1108,Deposit,595472.25,USD
1109,Deposit,743915.25,USD
1110,Deposit,188816.25,USD
1111,Deposit,701579.25,USD
1112,Deposit,62794.5,USD
1113,Deposit,434424,USD
1114,Deposit,458433,USD
1115,Deposit,566030.25,USD
1116,Deposit,428941.5,USD
1117,Deposit,672954.75,USD
1118,Deposit,435849,USD
1119,Deposit,114604.5,USD
1120,Deposit,122027.25,USD
1121,Deposit,222649.5,USD
1122,Deposit,282176.25,USD
1123,Deposit,94161.75,USD
1124,Deposit,428900.25,USD
1125,Deposit,355464,USD
1126,Deposit,348908.25,USD
1127,Deposit,704941.5,USD
1128,Deposit,2670,USD
1129,Deposit,245903.25,USD
1130,Deposit,694151.25,USD
1131,Deposit,430463.25,USD
1132,Deposit,273214.5,USD
1133,Deposit,537637.5,USD
1134,Deposit,563712,USD
1135,Deposit,216066.75,USD
1136,Deposit,688071.75,USD
1137,Deposit,161477.25,USD
1138,Deposit,745788,USD
1139,Deposit,50986.5,USD
1140,Deposit,156222.75,USD
1141,Deposit,590369.25,USD
1142,Deposit,86672.25,USD
1143,Deposit,143424,USD
1144,Deposit,317006.25,USD
1145,Deposit,566436.75,USD
1146,Deposit,263222.25,USD
1147,Deposit,629767.5,USD
1148,Deposit,60843.75,USD
1149,Deposit,426651.75,USD
1150,Deposit,145887.75,USD
1151,Deposit,378007.5,USD
1152,Deposit,87614.25,USD
1153,Deposit,487448.25,USD
1154,Deposit,253824.75,USD
1155,Deposit,681487.5,USD
1156,Deposit,702298.5,USD
1157,Deposit,24535.5,USD
1158,Deposit,401007,USD
1159,Deposit,242390.25,USD
1160,Deposit,16053,USD
1161,Deposit,452263.5,USD
1162,Deposit,659391,USD
1163,Deposit,314835,USD
1164,Deposit,744036.75,USD
1165,Deposit,367206,USD
1166,Deposit,721923.75,USD
1167,Deposit,215086.5,USD
1168,Deposit,619218,USD
1169,Deposit,423129,USD
1170,Deposit,134709,USD
1171,Deposit,611226,USD
1172,Deposit,73949.25,USD
1173,Deposit,49164,USD
1174,Deposit,183766.5,USD
1175,Deposit,326655.75,USD
1176,Deposit,528344.25,USD
1177,Deposit,59887.5,USD
1178,Deposit,467706.75,USD
1179,Deposit,81011.25,USD
1180,Deposit,366453.75,USD
1181,Deposit,735066.75,USD
1182,Deposit,113142,USD
1183,Deposit,398442.75,USD
1184,Deposit,477846,USD
1185,Deposit,718050.75,USD
1186,Deposit,444909.75,USD
1187,Deposit,586846.5,USD
1188,Deposit,343539,USD
1189,Deposit,345231.75,USD
1190,Deposit,208092.75,USD
1191,Deposit,732348.75,USD
1192,Deposit,301214.25,USD
1193,Deposit,524616.75,USD
1194,Deposit,153391.5,USD
1195,Deposit,61347,USD
1196,Deposit,585356.25,USD
1197,Deposit,279331.5,USD
1198,Deposit,191734.5,USD
1199,Deposit,547536.75,USD
1200,Deposit,503323.5,USD
1201,Deposit,311904,USD
1202,Deposit,147953.25,USD
1203,Deposit,533689.5,USD
1204,Deposit,678442.5,USD
1205,Deposit,677310.75,USD
1206,Deposit,147025.5,USD
1207,Deposit,647473.5,USD
1208,Deposit,665964,USD
1209,Deposit,127176.75,USD
1210,Deposit,349734,USD
1211,Deposit,167315.25,USD
1212,Deposit,177156,USD
1213,Deposit,654036.75,USD
1214,Deposit,367637.25,USD
1215,Deposit,488194.5,USD
1216,Deposit,630957,USD
1217,Deposit,723330.75,USD
1218,Deposit,729952.5,USD
1219,Deposit,448359,USD
1220,Deposit,41419.5,USD
1221,Deposit,381717,USD
1222,Deposit,247383.75,USD
1223,Deposit,256197.75,USD
1224,Deposit,92673.75,USD
1225,Deposit,623419.5,USD
1226,Deposit,20013,USD
1227,Deposit,601986.75,USD
1228,Deposit,651354.75,USD
1229,Deposit,581602.5,USD
1230,Deposit,418170.75,USD
1231,Deposit,1870.5,USD
1232,Deposit,669297.75,USD
1233,Deposit,539291.25,USD
1234,Deposit,126664.5,USD
1235,Deposit,251255.25,USD
1236,Transfer,128248.75,TL
1237,Transfer,236117.75,TL
1238,Transfer,97159.75,TL
1239,Transfer,237861.5,TL
1240,Transfer,101593.75,TL
1241,Transfer,61326.5,TL
1242,Transfer,40043.5,TL
1243,Transfer,90143.25,TL
1244,Transfer,203967.25,TL
1245,Transfer,166454.75,TL
1246,Transfer,168677.5,TL
1247,Transfer,120718,TL
1248,Transfer,131734,TL
1249,Transfer,87060.75,TL
1250,Transfer,131876.5,TL
1251,Transfer,9099.5,TL
1252,Transfer,79175.5,TL
1253,Transfer,221125,TL
1254,Transfer,19065.25,TL
1255,Transfer,133001.75,TL
1256,Transfer,22896,TL
1257,Transfer,11408.25,TL
1258,Transfer,205005.5,TL
1259,Transfer,249738.75,TL
1260,Transfer,8806.75,TL
1261,Transfer,238068.25,TL
1262,Transfer,30459,TL
1263,Transfer,199153.5,TL
1264,Transfer,70137.5,TL
1265,Transfer,7080.75,TL
1266,Transfer,55277.5,TL
1267,Transfer,119512,TL
1268,Transfer,193266.75,TL
1269,Transfer,169673.75,TL
1270,Transfer,209515.75,TL
1271,Transfer,149482,TL
1272,Transfer,200545.5,TL
1273,Transfer,34201.25,TL
1274,Transfer,46342.75,TL
1275,Transfer,172571.25,TL
1276,Transfer,35751.5,TL
1277,Transfer,84667.25,TL
1278,Transfer,217762.75,TL
1279,Transfer,95210.5,TL
1280,Transfer,218324,TL
1281,Transfer,249456.25,TL
1282,Transfer,450.75,TL
1283,Transfer,186050.75,TL
1284,Transfer,177108.25,TL
1285,Transfer,69734.25,TL
1286,Transfer,194377.5,TL
1287,Transfer,141975.25,TL
1288,Transfer,32990.25,TL
1289,Transfer,149455.25,TL
1290,Transfer,1312,TL
1291,Transfer,35835.5,TL
1292,Transfer,172493.25,TL
1293,Transfer,27944.75,TL
1294,Transfer,63787.75,TL
1295,Transfer,141978.25,TL
1296,Transfer,141188.25,TL
1297,Transfer,101617,TL
1298,Transfer,207656,TL
1299,Transfer,78267.5,TL
1300,Transfer,236591.75,TL
1301,Transfer,183557.5,TL
1302,Transfer,82971.25,TL
1303,Transfer,247482,TL
1304,Transfer,195124,TL
1305,Transfer,228405,TL
1306,Transfer,88619,TL
1307,Transfer,206732.25,TL
1308,Transfer,46648.5,TL
1309,Transfer,165266,TL
1310,Transfer,195838.75,TL
1311,Transfer,90848.25,TL
1312,Transfer,53136.25,TL
1313,Transfer,173229.5,TL
1314,Transfer,54591.75,TL
1315,Transfer,64570.5,TL
1316,Transfer,155077,TL
1317,Transfer,102462.5,TL
1318,Transfer,74581.75,TL
1319,Transfer,228812,TL
1320,Transfer,20403.5,TL
1321,Transfer,88839.25,TL
1322,Transfer,19665,TL
1323,Transfer,208264.75,TL
1324,Transfer,125895,TL
1325,Transfer,231586,TL
1326,Transfer,40370.5,TL
1327,Transfer,51187.75,TL
1328,Transfer,50301.25,TL
1329,Transfer,1521.25,TL
1330,Transfer,244299.5,TL
1331,Transfer,77338.25,TL
1332,Transfer,71751.75,TL
1333,Transfer,72129.75,TL
1334,Transfer,118283.5,TL
1335,Transfer,166701.5,TL
1336,Transfer,239412.5,TL
1337,Transfer,16929.25,TL
1338,Transfer,119359.75,TL
1339,Transfer,189920.25,TL
1340,Transfer,80802.25,TL
1341,Transfer,44371.5,TL
1342,Transfer,43850,TL
1343,Transfer,91147.5,TL
1344,Transfer,11704,TL
1345,Transfer,145862.75,TL
1346,Transfer,115138,TL
1347,Transfer,45416,TL
1348,Transfer,85184,TL
1349,Transfer,213404.25,TL
1350,Transfer,101091.25,TL
1351,Transfer,125560.75,TL
1352,Transfer,199870.75,TL
1353,Transfer,90814,TL
1354,Transfer,181506.75,TL
1355,Transfer,28231.75,TL
1356,Transfer,35358.75,TL
1357,Transfer,156532.5,TL
1358,Transfer,234440.5,TL
1359,Transfer,124602.25,TL
1360,Transfer,44361,TL
1361,Transfer,146606.75,TL
1362,Transfer,197828.75,TL
1363,Transfer,168995.75,TL
1364,Transfer,57072,TL
1365,Transfer,13605.75,TL
1366,Transfer,189427.25,TL
1367,Transfer,167855.5,TL
1368,Transfer,193088,TL
1369,Transfer,180943.25,TL
1370,Transfer,133759,TL
1371,Transfer,182224.75,TL
1372,Transfer,80193,TL
1373,Transfer,92361.75,TL
1374,Transfer,249505.75,TL
1375,Transfer,209222.5,TL
1376,Transfer,97334.5,TL
1377,Transfer,223184.75,TL
1378,Transfer,144571.75,TL
1379,Transfer,11877.75,TL
1380,Transfer,241188.5,TL
1381,Transfer,213346,TL
1382,Transfer,198912.25,TL
1383,Transfer,92122,TL
1384,Transfer,11863,TL
1385,Transfer,2179.25,TL
1386,Transfer,137143.75,TL
1387,Transfer,178745.25,TL
1388,Transfer,173491.25,TL
1389,Transfer,41481.25,TL
1390,Transfer,203934.25,TL
1391,Transfer,130680.5,TL
1392,Transfer,119731,TL
1393,Transfer,86463.5,TL
1394,Transfer,155229.5,TL
1395,Transfer,36116.25,TL
1396,Transfer,112520,TL
1397,Transfer,213855,TL
1398,Transfer,117472.75,TL
1399,Transfer,19613.25,TL
1400,Transfer,114829.25,TL
1401,Transfer,92654.75,TL
1402,Transfer,245157.75,TL
1403,Transfer,102671.75,TL
1404,Transfer,54608.75,TL
1405,Transfer,135797,TL
1406,Transfer,24283,TL
1407,Transfer,147989.5,TL
1408,Transfer,137642.5,TL
1409,Transfer,240356,TL
1410,Transfer,25584.5,TL
1411,Transfer,204047,TL
1412,Transfer,21602.75,TL
1413,Transfer,129814.5,TL
1414,Transfer,156772.5,TL
1415,Transfer,204579.25,TL
1416,Transfer,22244.5,TL
1417,Transfer,94391,TL
1418,Transfer,247434.75,TL
1419,Transfer,217009.5,TL
1420,Transfer,45379,TL
1421,Transfer,184460.75,TL
1422,Transfer,123744,TL
1423,Transfer,24973.75,TL
1424,Transfer,125035.25,TL
1425,Transfer,147694.25,TL
1426,Transfer,192665,TL
1427,Transfer,22698,TL
1428,Transfer,49051.75,TL
1429,Transfer,112699.25,TL
1430,Transfer,206961.75,TL
1431,Transfer,193179,TL
1432,Transfer,68226.25,TL
1433,Transfer,210671.5,TL
1434,Transfer,72981,TL
1435,Transfer,87867.5,TL
1436,Transfer,114115.25,TL
1437,Transfer,241841.75,TL
1438,Transfer,42927.75,TL
1439,Transfer,222873.25,TL
1440,Transfer,43583,TL
1441,Transfer,135355.75,TL
1442,Transfer,152141.5,TL
1443,Transfer,155583.75,TL
1444,Transfer,185287.75,TL
1445,Transfer,69626,TL
1446,Transfer,69747.5,TL
1447,Transfer,206027.25,TL
1448,Transfer,134432.5,TL
1449,Transfer,215174.25,TL
1450,Transfer,127982,TL
1451,Transfer,89318,TL
1452,Transfer,77309.5,TL
1453,Transfer,133503.75,TL
1454,Transfer,181470,TL
1455,Transfer,129080.75,TL
1456,Transfer,176443.5,TL
1457,Transfer,163651,TL
1458,Transfer,122792.75,TL
1459,Transfer,226880,TL
1460,Transfer,210457,TL
1461,Transfer,152711.25,TL
1462,Transfer,94784.75,TL
1463,Transfer,119371.5,TL
1464,Transfer,240187.25,TL
1465,Transfer,137862.5,TL
1466,Transfer,193179.75,TL
1467,Transfer,163140.25,TL
1468,Transfer,64026.5,TL
1469,Transfer,65190.75,TL
1470,Transfer,245457.25,TL
1471,Transfer,197011,TL
1472,Transfer,130985,TL
1473,Transfer,84967.5,TL
1474,Transfer,83045,TL
1475,Transfer,192984.5,TL
1476,Transfer,149549,TL
1477,Transfer,143935,TL
1478,Transfer,94387.25,TL
1479,Transfer,169903.75,TL
1480,Transfer,114053.5,TL
1481,Transfer,2632.5,TL
1482,Transfer,5819.5,TL
1483,Transfer,208445.25,TL
1484,Transfer,117991.75,TL
1485,Transfer,189822,TL
1486,Transfer,35672.5,TL
1487,Transfer,122103.75,TL
1488,Transfer,135452.75,TL
1489,Transfer,16671.25,TL
1490,Transfer,54577.25,TL
1491,Transfer,156458,TL
1492,Transfer,177706,TL
1493,Transfer,110514.25,TL
1494,Transfer,161558.5,TL
1495,Transfer,8204.5,TL
1496,Transfer,121847.5,TL
1497,Transfer,241719.75,TL
1498,Transfer,151168.5,TL
1499,Transfer,226184.25,TL
1500,Transfer,62376.25,TL
1501,Transfer,7491.5,TL
1502,Transfer,201662,TL
1503,Transfer,178958.25,TL
1504,Transfer,4585,TL
1505,Transfer,203266.75,TL
1506,Transfer,8000.5,TL
1507,Transfer,247349.25,TL
1508,Transfer,100732,TL
1509,Transfer,205783.25,TL
1510,Transfer,16343.75,TL
1511,Transfer,225818.75,TL
1512,Transfer,176103,TL
1513,Transfer,161861.25,TL
1514,Transfer,138602.75,TL
1515,Transfer,93539.75,TL
1516,Transfer,2276.5,TL
1517,Transfer,223479.25,TL
1518,Transfer,86622.25,TL
1519,Transfer,94602.5,TL
1520,Transfer,149171.5,TL
1521,Transfer,242814.25,TL
1522,Transfer,15605.25,TL
1523,Transfer,196903,TL
1524,Transfer,35793.5,TL
1525,Transfer,240580.75,TL
1526,Transfer,5502,TL
1527,Transfer,230966.25,TL
1528,Transfer,1977.25,TL
1529,Transfer,87218.75,TL
1530,Transfer,37266,TL
1531,Transfer,93200,TL
1532,Transfer,89888,TL
1533,Transfer,189267.5,TL
1534,Transfer,38107.25,TL
1535,Transfer,82893.25,TL
1536,Transfer,4559.25,TL
1537,Transfer,52605.75,TL
1538,Transfer,26179.75,TL
1539,Transfer,228649.5,TL
1540,Transfer,167318,TL
1541,Transfer,150148,TL
1542,Transfer,130497.75,TL
1543,Transfer,97884.25,TL
1544,Transfer,134603.5,TL
1545,Transfer,54057.25,TL
1546,Transfer,46298.25,TL
1547,Transfer,72515.75,TL
1548,Transfer,177377.5,TL
1549,Transfer,51566,TL
1550,Transfer,59554.75,TL
1551,Transfer,165050.25,TL
1552,Transfer,3102.25,TL
1553,Transfer,199097.5,TL
1554,Transfer,136899.25,TL
1555,Transfer,141878.75,TL
1556,Transfer,203086.25,TL
1557,Transfer,231530.75,TL
1558,Transfer,228814.25,TL
1559,Transfer,14801,TL
1560,Transfer,22889.75,TL
1561,Transfer,182181.25,TL
1562,Transfer,124634,TL
1563,Transfer,107539.25,TL
1564,Transfer,232446.25,TL
1565,Transfer,234344.25,TL
1566,Transfer,177635.5,TL
1567,Transfer,151322.75,TL
1568,Transfer,215557.75,TL
1569,Transfer,217101,TL
1570,Transfer,237285.25,TL
1571,Transfer,212495.75,TL
1572,Transfer,155520.25,TL
1573,Transfer,26492,TL
1574,Transfer,183585.5,TL
1575,Transfer,205545.25,TL
1576,Transfer,114761.75,TL
1577,Transfer,98131,TL
1578,Transfer,55372.75,TL
1579,Transfer,46947,TL
1580,Transfer,141592.25,TL
1581,Transfer,128872.5,TL
1582,Transfer,150420.25,TL
1583,Transfer,158788.25,TL
1584,Transfer,36425.75,TL
1585,Transfer,43232.5,TL
1586,Transfer,150234,TL
1587,Transfer,36259.25,TL
1588,Transfer,73167.25,TL
1589,Transfer,224931,TL
1590,Transfer,36550.25,TL
1591,Transfer,199786.75,TL
1592,Transfer,48850.5,TL
1593,Transfer,35134.75,TL
1594,Transfer,69717,TL
1595,Transfer,60845.5,TL
1596,Transfer,26066.25,TL
1597,Transfer,116770.5,TL
1598,Transfer,141368.5,TL
1599,Transfer,40286.25,TL
1600,Transfer,38236.75,TL
1601,Transfer,188618.75,TL
1602,Transfer,145116.25,TL
1603,Transfer,189404.25,TL
1604,Transfer,97378.25,TL
1605,Transfer,213810.75,TL
1606,Transfer,129325.75,TL
1607,Transfer,76909.25,TL
1608,Transfer,77628,TL
1609,Transfer,234818.5,TL
1610,Transfer,155483.25,TL
1611,Transfer,69458.75,TL
1612,Transfer,195522.5,TL
1613,Transfer,51063,TL
1614,Transfer,234137,TL
1615,Transfer,99481.25,TL
1616,Transfer,119782.75,TL
1617,Transfer,25862,TL
1618,Transfer,197948.25,TL
1619,Transfer,81645.75,TL
1620,Transfer,219182.25,TL
1621,Transfer,146593.5,TL
1622,Transfer,147999.75,TL
1623,Transfer,58517.5,TL
1624,Transfer,96984.25,TL
1625,Transfer,25675.25,TL
1626,Transfer,175181.5,TL
1627,Transfer,176698.5,TL
1628,Transfer,114366.25,TL
1629,Transfer,70244.25,TL
1630,Transfer,163208.5,TL
1631,Transfer,217062,TL
1632,Transfer,73293,TL
1633,Transfer,65262.25,TL
1634,Transfer,123631,TL
1635,Transfer,126566.25,TL
1636,Transfer,111355.5,TL
1637,Transfer,158182.75,TL
1638,Transfer,196047,TL
1639,Transfer,74576.25,TL
1640,Transfer,157253.5,TL
1641,Transfer,203290.75,TL
1642,Transfer,168666,TL
1643,Transfer,233619.75,TL
1644,Transfer,5795,TL
1645,Transfer,120349.5,TL
1646,Transfer,135342.25,TL
1647,Transfer,13071.75,TL
1648,Transfer,195558.25,TL
1649,Transfer,95296.25,TL
1650,Transfer,205261.25,TL
1651,Transfer,104385.75,TL
1652,Transfer,160685.75,TL
1653,Transfer,100375,TL
1654,Transfer,20562,TL
1655,Transfer,178182.5,TL
1656,Transfer,80683,TL
1657,Transfer,87327.75,TL
1658,Transfer,215355.5,TL
1659,Transfer,156755.5,TL
1660,Transfer,218536.75,TL
1661,Transfer,60035.25,TL
1662,Transfer,116841.25,TL
1663,Transfer,170371.5,TL
1664,Transfer,67995.75,TL
1665,Transfer,62356.75,TL
1666,Transfer,195513,TL
1667,Transfer,92114.5,TL
1668,Transfer,75433.25,TL
1669,Transfer,172817.5,TL
1670,Transfer,16814.5,TL
1671,Transfer,183969.5,TL
1672,Transfer,60349,TL
1673,Transfer,130267.25,TL
1674,Transfer,231025.75,TL
1675,Transfer,126336.5,TL
1676,Transfer,231282,TL
1677,Transfer,223665.75,TL
1678,Transfer,211644.75,TL
1679,Transfer,44236.25,TL
1680,Transfer,130664.5,TL
1681,Transfer,64747.75,TL
1682,Transfer,65087,TL
1683,Transfer,86089,TL
1684,Transfer,192985.5,TL
1685,Transfer,74475.25,TL
1686,Transfer,136124.25,TL
1687,Transfer,155145.5,TL
1688,Transfer,115516.25,TL
1689,Transfer,202908.25,TL
1690,Transfer,74168.5,TL
1691,Transfer,39394,TL
1692,Transfer,169811.75,TL
1693,Transfer,67409.25,TL
1694,Transfer,5236.5,TL
1695,Transfer,183084.5,TL
1696,Transfer,175221,TL
1697,Transfer,85937.5,TL
1698,Transfer,123234.25,TL
1699,Transfer,191890.5,TL
1700,Transfer,112707.75,TL
1701,Transfer,50604.5,TL
1702,Transfer,72056.75,TL
1703,Transfer,114164.25,TL
1704,Transfer,28443.5,TL
1705,Transfer,181625.75,TL
1706,Transfer,86925.75,TL
1707,Transfer,92743.75,TL
1708,Transfer,211822,TL
1709,Transfer,23340.25,TL
1710,Transfer,249376.75,TL
1711,Transfer,135339.25,TL
1712,Transfer,131824.25,TL
1713,Transfer,92070,TL
1714,Transfer,135347.25,TL
1715,Transfer,6646,TL
1716,Transfer,28989.5,TL
1717,Transfer,210235.75,TL
1718,Transfer,99938,TL
1719,Transfer,102026.75,TL
1720,Transfer,137636.5,TL
1721,Transfer,212384.75,TL
1722,Transfer,195589.75,TL
1723,Transfer,120854.75,TL
1724,Transfer,4440,TL
1725,Transfer,186551.75,TL
1726,Transfer,12651.75,TL
1727,Transfer,167424.25,TL
1728,Transfer,24983.75,TL
1729,Transfer,118734.5,TL
1730,Transfer,62621,TL
1731,Transfer,68713,TL
1732,Transfer,139485,TL
1733,Transfer,239162.5,TL
1734,Transfer,194692.25,TL
1735,Transfer,211219.5,TL
1736,Transfer,112541.5,TL
1737,Transfer,26514.25,TL
1738,Transfer,195677,TL
1739,Transfer,63598.75,TL
1740,Transfer,219441,TL
1741,Transfer,210271.75,TL
1742,Transfer,171845.75,TL
1743,Transfer,17889.5,TL
1744,Transfer,223353.5,TL
1745,Transfer,221992,TL
1746,Transfer,48787.5,TL
1747,Transfer,249745.5,TL
1748,Transfer,3550.5,TL
1749,Transfer,133439.25,TL
1750,Transfer,51996.25,TL
1751,Transfer,217281.25,TL
1752,Transfer,84689.25,TL
1753,Transfer,183238,TL
1754,Transfer,96569,TL
1755,Transfer,188884.25,TL
1756,Transfer,121154.75,TL
1757,Transfer,33992,TL
1758,Transfer,119132.5,TL
1759,Transfer,62672.75,TL
1760,Transfer,108471.75,TL
1761,Transfer,168660,TL
1762,Transfer,28916.75,TL
1763,Transfer,214145,TL
1764,Transfer,225876.25,TL
1765,Transfer,78387.25,TL
1766,Transfer,137757.5,TL
1767,Transfer,184006.75,TL
1768,Transfer,10281.25,TL
1769,Transfer,113962.5,TL
1770,Transfer,150727.5,TL
1771,Transfer,195172.5,TL
1772,Transfer,22072.5,TL
1773,Transfer,69601,TL
1774,Transfer,60086.25,TL
1775,Transfer,16493.25,TL
1776,Transfer,37445.25,TL
1777,Transfer,240855,TL
1778,Transfer,85290.75,TL
1779,Transfer,70892,TL
1780,Transfer,90313,TL
1781,Transfer,98107.5,TL
1782,Transfer,140910.25,TL
1783,Transfer,167279.5,TL
1784,Transfer,139221,TL
1785,Transfer,93324,TL
1786,Transfer,192475.25,TL
1787,Transfer,68876.75,TL
1788,Transfer,1144.75,TL
1789,Transfer,220526.5,TL
1790,Transfer,27515.25,TL
1791,Transfer,45376,TL
1792,Transfer,224579,TL
1793,Transfer,29793.75,TL
1794,Transfer,175347.25,TL
1795,Transfer,92761.5,TL
1796,Transfer,18895.25,TL
1797,Transfer,100501.75,TL
1798,Transfer,204533.25,TL
1799,Transfer,142540.75,TL
1800,Transfer,215593.75,TL
1801,Transfer,11992.75,TL
1802,Transfer,161352,TL
1803,Transfer,71643.75,TL
1804,Transfer,9778.5,TL
1805,Transfer,108886.25,TL
1806,Transfer,236112.5,TL
1807,Transfer,165311.75,TL
1808,Transfer,166952.25,TL
1809,Transfer,93849.75,TL
1810,Transfer,106692.25,TL
1811,Transfer,127922.5,TL
1812,Transfer,231058,TL
1813,Transfer,192801.5,TL
1814,Transfer,60286.75,TL
1815,Transfer,30888,TL
1816,Transfer,34586.75,TL
1817,Transfer,76234.75,TL
1818,Transfer,185036.25,TL
1819,Transfer,232518,TL
1820,Transfer,240525.5,TL
1821,Transfer,135643.75,TL
1822,Transfer,152929.5,TL
1823,Transfer,52048.25,TL
1824,Transfer,238938.25,TL
1825,Transfer,105870.5,TL
1826,Transfer,134185.5,TL
1827,Transfer,78917,TL
1828,Transfer,228051.75,TL
1829,Transfer,142604.25,TL
1830,Transfer,191171.25,TL
1831,Transfer,198809.25,TL
1832,Transfer,230860.25,TL
1833,Transfer,59231.75,TL
1834,Transfer,96841,TL
1835,Transfer,219990.25,TL
1836,Transfer,133470.25,USD
1837,Transfer,248776.25,USD
1838,Transfer,158669,USD
1839,Transfer,137014.25,USD
1840,Transfer,80670.75,USD
1841,Transfer,114751.25,USD
1842,Transfer,54093.75,USD
1843,Transfer,74025.75,USD
1844,Transfer,227549,USD
1845,Transfer,109418.75,USD
1846,Transfer,147604.75,USD
1847,Transfer,56548.5,USD
1848,Transfer,173358.75,USD
1849,Transfer,229159,USD
1850,Transfer,12777.75,USD
1851,Transfer,218926.5,USD
1852,Transfer,145309.25,USD
1853,Transfer,44446.25,USD
1854,Transfer,174798.75,USD
1855,Transfer,114377.5,USD
1856,Transfer,155454.75,USD
1857,Transfer,46265.75,USD
1858,Transfer,170316,USD
1859,Transfer,206013.25,USD
1860,Transfer,173449.25,USD
1861,Transfer,21716.75,USD
1862,Transfer,141821.75,USD
1863,Transfer,130103.75,USD
1864,Transfer,91571.25,USD
1865,Transfer,79021,USD
1866,Transfer,93191,USD
1867,Transfer,187382,USD
1868,Transfer,156129,USD
1869,Transfer,76184.25,USD
1870,Transfer,131484.5,USD
1871,Transfer,234234.25,USD
1872,Transfer,101123.25,USD
1873,Transfer,68156.5,USD
1874,Transfer,7677.75,USD
1875,Transfer,213258.5,USD
1876,Transfer,195877.5,USD
1877,Transfer,224493.25,USD
1878,Transfer,45592,USD
1879,Transfer,231859,USD
1880,Transfer,58234.75,USD
1881,Transfer,233244.5,USD
1882,Transfer,113964,USD
1883,Transfer,118296.75,USD
1884,Transfer,138876.25,USD
1885,Transfer,247076.5,USD
1886,Transfer,151343.75,USD
1887,Transfer,6931.5,USD
1888,Transfer,339,USD
1889,Transfer,194481.75,USD
1890,Transfer,147298,USD
1891,Transfer,228266.5,USD
1892,Transfer,146379.25,USD
1893,Transfer,22334.75,USD
1894,Transfer,166260,USD
1895,Transfer,104848.25,USD
1896,Transfer,203483.5,USD
1897,Transfer,156029.5,USD
1898,Transfer,222293.25,USD
1899,Transfer,181074,USD
1900,Transfer,216526.5,USD
1901,Transfer,159962.25,USD
1902,Transfer,74021.5,USD
1903,Transfer,193523.75,USD
1904,Transfer,194841.75,USD
1905,Transfer,4220.25,USD
1906,Transfer,59022.5,USD
1907,Transfer,218563.5,USD
1908,Transfer,83309.25,USD
1909,Transfer,242994.25,USD
1910,Transfer,176103,USD
1911,Transfer,165652.75,USD
1912,Transfer,35445.25,USD
1913,Transfer,36458.75,USD
1914,Transfer,2035.5,USD
1915,Transfer,118042,USD
1916,Transfer,231945,USD
1917,Transfer,50639,USD
1918,Transfer,196583.25,USD
1919,Transfer,207360.75,USD
1920,Transfer,18640.5,USD
1921,Transfer,99134.25,USD
1922,Transfer,55932,USD
1923,Transfer,244975.25,USD
1924,Transfer,82417.75,USD
1925,Transfer,196475.25,USD
1926,Transfer,70013.25,USD
1927,Transfer,220930.75,USD
1928,Transfer,242279.25,USD
1929,Transfer,225364,USD
1930,Transfer,223623.25,USD
1931,Transfer,20798.25,USD
1932,Transfer,205445.5,USD
1933,Transfer,179074,USD
1934,Transfer,104730.5,USD
1935,Transfer,51809,USD
1936,Transfer,75151.25,USD
1937,Transfer,175890.75,USD
1938,Transfer,245916.25,USD
1939,Transfer,162287.25,USD
1940,Transfer,247629.5,USD
1941,Transfer,154624,USD
1942,Transfer,26495.25,USD
1943,Transfer,32579.75,USD
1944,Transfer,100663.5,USD
1945,Transfer,98951,USD
1946,Transfer,153550.25,USD
1947,Transfer,111436.5,USD
1948,Transfer,55043,USD
1949,Transfer,53625.5,USD
1950,Transfer,219836.5,USD
1951,Transfer,169106,USD
1952,Transfer,183280.25,USD
1953,Transfer,87438.75,USD
1954,Transfer,105322.25,USD
1955,Transfer,137288.25,USD
1956,Transfer,47020.5,USD
1957,Transfer,226226.5,USD
1958,Transfer,46988.25,USD
1959,Transfer,106532.5,USD
1960,Transfer,115724,USD
1961,Transfer,224181,USD
1962,Transfer,48430.25,USD
1963,Transfer,153657,USD
1964,Transfer,204401.5,USD
1965,Transfer,113269.5,USD
1966,Transfer,186800.75,USD
1967,Transfer,75346,USD
1968,Transfer,117452.25,USD
1969,Transfer,18647,USD
1970,Transfer,49671,USD
1971,Transfer,109197.25,USD
1972,Transfer,98988.5,USD
1973,Transfer,2618,USD
1974,Transfer,248506,USD
1975,Transfer,80185.25,USD
1976,Transfer,17412,USD
1977,Transfer,200912.5,USD
1978,Transfer,208622,USD
1979,Transfer,118758.25,USD
1980,Transfer,203478,USD
1981,Transfer,242837.25,USD
1982,Transfer,227725.5,USD
1983,Transfer,156601.25,USD
1984,Transfer,16584.5,USD
1985,Transfer,151197,USD
1986,Transfer,126443,USD
1987,Transfer,67471.5,USD
1988,Transfer,33619.25,USD
1989,Transfer,98795.75,USD
1990,Transfer,184597.75,USD
1991,Transfer,83458.25,USD
1992,Transfer,238324.75,USD
1993,Transfer,55797.5,USD
1994,Transfer,216427.5,USD
1995,Transfer,231514.5,USD
1996,Transfer,236861.75,USD
1997,Transfer,246258.25,USD
1998,Transfer,86412.25,USD
1999,Transfer,1173.75,USD
2000,Transfer,87005.25,USD
2001,Transfer,192735.25,USD
2002,Transfer,204938,USD
2003,Transfer,21999.75,USD
2004,Transfer,54248,USD
2005,Transfer,215043,USD
2006,Transfer,69630,USD
2007,Transfer,198490.75,USD
2008,Transfer,247971.75,USD
2009,Transfer,62938.75,USD
2010,Transfer,233859.75,USD
2011,Transfer,20931.5,USD
2012,Transfer,144808,USD
2013,Transfer,152811,USD
2014,Transfer,188676.75,USD
2015,Transfer,142980.5,USD
2016,Transfer,224318.25,USD
2017,Transfer,145283,USD
2018,Transfer,38201.5,USD
2019,Transfer,40675.75,USD
2020,Transfer,74216.5,USD
2021,Transfer,94058.75,USD
2022,Transfer,31387.25,USD
2023,Transfer,142966.75,USD
2024,Transfer,118488,USD
2025,Transfer,116302.75,USD
2026,Transfer,234980.5,USD
2027,Transfer,890,USD
2028,Transfer,81967.75,USD
2029,Transfer,231383.75,USD
2030,Transfer,143487.75,USD
2031,Transfer,91071.5,USD
2032,Transfer,179212.5,USD
2033,Transfer,187904,USD
2034,Transfer,72022.25,USD
2035,Transfer,229357.25,USD
2036,Transfer,53825.75,USD
2037,Transfer,248596,USD
2038,Transfer,16995.5,USD
2039,Transfer,52074.25,USD
2040,Transfer,196789.75,USD
2041,Transfer,28890.75,USD
2042,Transfer,47808,USD
2043,Transfer,105668.75,USD
2044,Transfer,188812.25,USD
2045,Transfer,87740.75,USD
2046,Transfer,209922.5,USD
2047,Transfer,20281.25,USD
2048,Transfer,142217.25,USD
2049,Transfer,48629.25,USD
2050,Transfer,126002.5,USD
2051,Transfer,29204.75,USD
2052,Transfer,162482.75,USD
2053,Transfer,84608.25,USD
2054,Transfer,227162.5,USD
2055,Transfer,234099.5,USD
2056,Transfer,8178.5,USD
2057,Transfer,133669,USD
2058,Transfer,80796.75,USD
2059,Transfer,5351,USD
2060,Transfer,150754.5,USD
2061,Transfer,219797,USD
2062,Transfer,104945,USD
2063,Transfer,248012.25,USD
2064,Transfer,122402,USD
2065,Transfer,240641.25,USD
2066,Transfer,71695.5,USD
2067,Transfer,206406,USD
2068,Transfer,141043,USD
2069,Transfer,44903,USD
2070,Transfer,203742,USD
2071,Transfer,24649.75,USD
2072,Transfer,16388,USD
2073,Transfer,61255.5,USD
2074,Transfer,108885.25,USD
2075,Transfer,176114.75,USD
2076,Transfer,19962.5,USD
2077,Transfer,155902.25,USD
2078,Transfer,27003.75,USD
2079,Transfer,122151.25,USD
2080,Transfer,245022.25,USD
2081,Transfer,37714,USD
2082,Transfer,132814.25,USD
2083,Transfer,159282,USD
2084,Transfer,239350.25,USD
2085,Transfer,148303.25,USD
2086,Transfer,195615.5,USD
2087,Transfer,114513,USD
2088,Transfer,115077.25,USD
2089,Transfer,69364.25,USD
2090,Transfer,244116.25,USD
2091,Transfer,100404.75,USD
2092,Transfer,174872.25,USD
2093,Transfer,51130.5,USD
2094,Transfer,20449,USD
2095,Transfer,195118.75,USD
2096,Transfer,93110.5,USD
2097,Transfer,63911.5,USD
2098,Transfer,182512.25,USD
2099,Transfer,167774.5,USD
2100,Transfer,103968,USD
2101,Transfer,49317.75,USD
2102,Transfer,177896.5,USD
2103,Transfer,226147.5,USD
2104,Transfer,225770.25,USD
2105,Transfer,49008.5,USD
2106,Transfer,215824.5,USD
2107,Transfer,221988,USD
2108,Transfer,42392.25,USD
2109,Transfer,116578,USD
2110,Transfer,55771.75,USD
2111,Transfer,59052,USD
2112,Transfer,218012.25,USD
2113,Transfer,122545.75,USD
2114,Transfer,162731.5,USD
2115,Transfer,210319,USD
2116,Transfer,241110.25,USD
2117,Transfer,243317.5,USD
2118,Transfer,149453,USD
2119,Transfer,13806.5,USD
2120,Transfer,127239,USD
2121,Transfer,82461.25,USD
2122,Transfer,85399.25,USD
2123,Transfer,30891.25,USD
2124,Transfer,207806.5,USD
2125,Transfer,6671,USD
2126,Transfer,200662.25,USD
2127,Transfer,217118.25,USD
2128,Transfer,193867.5,USD
2129,Transfer,139390.25,USD
2130,Transfer,623.5,USD
2131,Transfer,223099.25,USD
2132,Transfer,179763.75,USD
2133,Transfer,42221.5,USD
2134,Transfer,83751.75,USD
2135,Withdrawal,52917,TL
2136,Withdrawal,62464,TL
2137,Withdrawal,21096,TL
2138,Withdrawal,41253,TL
2139,Withdrawal,64243,TL
2140,Withdrawal,94990,TL
2141,Withdrawal,32352,TL
2142,Withdrawal,7804,TL
2143,Withdrawal,69396,TL
2144,Withdrawal,17935,TL
2145,Withdrawal,65946,TL
2146,Withdrawal,47938,TL
2147,Withdrawal,9530,TL
2148,Withdrawal,31439,TL
2149,Withdrawal,79723,TL
2150,Withdrawal,39574,TL
2151,Withdrawal,3397,TL
2152,Withdrawal,31264,TL
2153,Withdrawal,56660,TL
2154,Withdrawal,10902,TL
2155,Withdrawal,72013,TL
2156,Withdrawal,29912,TL
2157,Withdrawal,25581,TL
2158,Withdrawal,27948,TL
2159,Withdrawal,53633,TL
2160,Withdrawal,71184,TL
2161,Withdrawal,89195,TL
2162,Withdrawal,12627,TL
2163,Withdrawal,47689,TL
2164,Withdrawal,9243,TL
2165,Withdrawal,99905,TL
2166,Withdrawal,77051,TL
2167,Withdrawal,96336,TL
2168,Withdrawal,25355,TL
2169,Withdrawal,89178,TL
2170,Withdrawal,69747,TL
2171,Withdrawal,97915,TL
2172,Withdrawal,98080,TL
2173,Withdrawal,87183,TL
2174,Withdrawal,29916,TL
2175,Withdrawal,47900,TL
2176,Withdrawal,26049,TL
2177,Withdrawal,66049,TL
2178,Withdrawal,36977,TL
2179,Withdrawal,19802,TL
2180,Withdrawal,26359,TL
2181,Withdrawal,2229,TL
2182,Withdrawal,24385,TL
2183,Withdrawal,31010,TL
2184,Withdrawal,96173,TL
2185,Withdrawal,81354,TL
2186,Withdrawal,99065,TL
2187,Withdrawal,86702,TL
2188,Withdrawal,30286,TL
2189,Withdrawal,62372,TL
2190,Withdrawal,70811,TL
2191,Withdrawal,58726,TL
2192,Withdrawal,33230,TL
2193,Withdrawal,76876,TL
2194,Withdrawal,49582,TL
2195,Withdrawal,35749,TL
2196,Withdrawal,50901,TL
2197,Withdrawal,64214,TL
2198,Withdrawal,12899,TL
2199,Withdrawal,75974,TL
2200,Withdrawal,73759,TL
2201,Withdrawal,33322,TL
2202,Withdrawal,80390,TL
2203,Withdrawal,4409,TL
2204,Withdrawal,31305,TL
2205,Withdrawal,98163,TL
2206,Withdrawal,58013,TL
2207,Withdrawal,22886,TL
2208,Withdrawal,5868,TL
2209,Withdrawal,55253,TL
2210,Withdrawal,30623,TL
2211,Withdrawal,42982,TL
2212,Withdrawal,42633,TL
2213,Withdrawal,58942,TL
2214,Withdrawal,88271,TL
2215,Withdrawal,9458,TL
2216,Withdrawal,22415,TL
2217,Withdrawal,2974,TL
2218,Withdrawal,68982,TL
2219,Withdrawal,55022,TL
2220,Withdrawal,93842,TL
2221,Withdrawal,35282,TL
2222,Withdrawal,88765,TL
2223,Withdrawal,15965,TL
2224,Withdrawal,32424,TL
2225,Withdrawal,17080,TL
2226,Withdrawal,8204,TL
2227,Withdrawal,42614,TL
2228,Withdrawal,5399,TL
2229,Withdrawal,86999,TL
2230,Withdrawal,54227,TL
2231,Withdrawal,58592,TL
2232,Withdrawal,73314,TL
2233,Withdrawal,6364,TL
2234,Withdrawal,75511,TL
2235,Withdrawal,58474,TL
2236,Withdrawal,51946,TL
2237,Withdrawal,42655,TL
2238,Withdrawal,60470,TL
2239,Withdrawal,84743,TL
2240,Withdrawal,91516,TL
2241,Withdrawal,94782,TL
2242,Withdrawal,87878,TL
2243,Withdrawal,91819,TL
2244,Withdrawal,4014,TL
2245,Withdrawal,76009,TL
2246,Withdrawal,11937,TL
2247,Withdrawal,87457,TL
2248,Withdrawal,84060,TL
2249,Withdrawal,48195,TL
2250,Withdrawal,5941,TL
2251,Withdrawal,39960,TL
2252,Withdrawal,23873,TL
2253,Withdrawal,44470,TL
2254,Withdrawal,1683,TL
2255,Withdrawal,53416,TL
2256,Withdrawal,18707,TL
2257,Withdrawal,26573,TL
2258,Withdrawal,65382,TL
2259,Withdrawal,42572,TL
2260,Withdrawal,95593,TL
2261,Withdrawal,97734,TL
2262,Withdrawal,45113,TL
2263,Withdrawal,83967,TL
2264,Withdrawal,75204,TL
2265,Withdrawal,32378,TL
2266,Withdrawal,9612,TL
2267,Withdrawal,80594,TL
2268,Withdrawal,94394,TL
2269,Withdrawal,89829,TL
2270,Withdrawal,73815,TL
2271,Withdrawal,53637,TL
2272,Withdrawal,75243,TL
2273,Withdrawal,50815,TL
2274,Withdrawal,72579,TL
2275,Withdrawal,66713,TL
2276,Withdrawal,25353,TL
2277,Withdrawal,52759,TL
2278,Withdrawal,808,TL
2279,Withdrawal,95576,TL
2280,Withdrawal,93705,TL
2281,Withdrawal,2675,TL
2282,Withdrawal,85537,TL
2283,Withdrawal,79384,TL
2284,Withdrawal,86571,TL
2285,Withdrawal,14960,TL
2286,Withdrawal,93535,TL
2287,Withdrawal,28390,TL
2288,Withdrawal,68751,TL
2289,Withdrawal,55444,TL
2290,Withdrawal,6597,TL
2291,Withdrawal,17338,TL
2292,Withdrawal,36850,TL
2293,Withdrawal,72754,TL
2294,Withdrawal,15927,TL
2295,Withdrawal,63817,TL
2296,Withdrawal,53360,TL
2297,Withdrawal,63415,TL
2298,Withdrawal,96889,TL
2299,Withdrawal,76536,TL
2300,Withdrawal,72975,TL
2301,Withdrawal,48027,TL
2302,Withdrawal,25875,TL
2303,Withdrawal,59691,TL
2304,Withdrawal,75881,TL
2305,Withdrawal,32475,TL
2306,Withdrawal,92171,TL
2307,Withdrawal,76518,TL
2308,Withdrawal,46680,TL
2309,Withdrawal,90312,TL
2310,Withdrawal,39426,TL
2311,Withdrawal,7663,TL
2312,Withdrawal,2171,TL
2313,Withdrawal,30293,TL
2314,Withdrawal,43698,TL
2315,Withdrawal,88095,TL
2316,Withdrawal,76361,TL
2317,Withdrawal,6502,TL
2318,Withdrawal,98040,TL
2319,Withdrawal,70114,TL
2320,Withdrawal,16912,TL
2321,Withdrawal,87594,TL
2322,Withdrawal,27195,TL
2323,Withdrawal,39352,TL
2324,Withdrawal,33632,TL
2325,Withdrawal,26369,TL
2326,Withdrawal,229,TL
2327,Withdrawal,5725,TL
2328,Withdrawal,66673,TL
2329,Withdrawal,61242,TL
2330,Withdrawal,43752,TL
2331,Withdrawal,1900,TL
2332,Withdrawal,9793,TL
2333,Withdrawal,37125,TL
2334,Withdrawal,83919,TL
2335,Withdrawal,48153,TL
2336,Withdrawal,32301,TL
2337,Withdrawal,54815,TL
2338,Withdrawal,61471,TL
2339,Withdrawal,84339,TL
2340,Withdrawal,92286,TL
2341,Withdrawal,45197,TL
2342,Withdrawal,70841,TL
2343,Withdrawal,27269,TL
2344,Withdrawal,23216,TL
2345,Withdrawal,17389,TL
2346,Withdrawal,71698,TL
2347,Withdrawal,84880,TL
2348,Withdrawal,6228,TL
2349,Withdrawal,48438,TL
2350,Withdrawal,9304,TL
2351,Withdrawal,47404,TL
2352,Withdrawal,11192,TL
2353,Withdrawal,66227,TL
2354,Withdrawal,58661,TL
2355,Withdrawal,80086,TL
2356,Withdrawal,1078,TL
2357,Withdrawal,26978,TL
2358,Withdrawal,76662,TL
2359,Withdrawal,62068,TL
2360,Withdrawal,46196,TL
2361,Withdrawal,4081,TL
2362,Withdrawal,6346,TL
2363,Withdrawal,51671,TL
2364,Withdrawal,87549,TL
2365,Withdrawal,85898,TL
2366,Withdrawal,27805,TL
2367,Withdrawal,9580,TL
2368,Withdrawal,21872,TL
2369,Withdrawal,26809,TL
2370,Withdrawal,91443,TL
2371,Withdrawal,78337,TL
2372,Withdrawal,54805,TL
2373,Withdrawal,7959,TL
2374,Withdrawal,1010,TL
2375,Withdrawal,99077,TL
2376,Withdrawal,83240,TL
2377,Withdrawal,42000,TL
2378,Withdrawal,36180,TL
2379,Withdrawal,44562,TL
2380,Withdrawal,23052,TL
2381,Withdrawal,99567,TL
2382,Withdrawal,17471,TL
2383,Withdrawal,61349,TL
2384,Withdrawal,94190,TL
2385,Withdrawal,44333,TL
2386,Withdrawal,19878,TL
2387,Withdrawal,43338,TL
2388,Withdrawal,11588,TL
2389,Withdrawal,38180,TL
2390,Withdrawal,35843,TL
2391,Withdrawal,3942,TL
2392,Withdrawal,7351,TL
2393,Withdrawal,18345,TL
2394,Withdrawal,73067,TL
2395,Withdrawal,74771,TL
2396,Withdrawal,27385,TL
2397,Withdrawal,54381,TL
2398,Withdrawal,48120,TL
2399,Withdrawal,35007,TL
2400,Withdrawal,3916,TL
2401,Withdrawal,64337,TL
2402,Withdrawal,2964,TL
2403,Withdrawal,67524,TL
2404,Withdrawal,4294,TL
2405,Withdrawal,6781,TL
2406,Withdrawal,28187,TL
2407,Withdrawal,45327,TL
2408,Withdrawal,95993,TL
2409,Withdrawal,68101,TL
2410,Withdrawal,24173,TL
2411,Withdrawal,75047,TL
2412,Withdrawal,47942,TL
2413,Withdrawal,33001,TL
2414,Withdrawal,69362,TL
2415,Withdrawal,62977,TL
2416,Withdrawal,9066,TL
2417,Withdrawal,60181,TL
2418,Withdrawal,93408,TL
2419,Withdrawal,23538,TL
2420,Withdrawal,66400,TL
2421,Withdrawal,84891,TL
2422,Withdrawal,72264,TL
2423,Withdrawal,20085,TL
2424,Withdrawal,87142,TL
2425,Withdrawal,35378,TL
2426,Withdrawal,72083,TL
2427,Withdrawal,13605,TL
2428,Withdrawal,91708,TL
2429,Withdrawal,81233,TL
2430,Withdrawal,69332,TL
2431,Withdrawal,96130,TL
2432,Withdrawal,88167,TL
2433,Withdrawal,28179,TL
2434,Withdrawal,65594,TL
2435,Withdrawal,2573,TL
2436,Withdrawal,22320,TL
2437,Withdrawal,36090,TL
2438,Withdrawal,97323,TL
2439,Withdrawal,27240,TL
2440,Withdrawal,62280,TL
2441,Withdrawal,64839,TL
2442,Withdrawal,13117,TL
2443,Withdrawal,19381,TL
2444,Withdrawal,41562,TL
2445,Withdrawal,46036,TL
2446,Withdrawal,54122,TL
2447,Withdrawal,95941,TL
2448,Withdrawal,30491,TL
2449,Withdrawal,37806,TL
2450,Withdrawal,26754,TL
2451,Withdrawal,89047,TL
2452,Withdrawal,92177,TL
2453,Withdrawal,44453,TL
2454,Withdrawal,1180,TL
2455,Withdrawal,40808,TL
2456,Withdrawal,6354,TL
2457,Withdrawal,73192,TL
2458,Withdrawal,3857,TL
2459,Withdrawal,68620,TL
2460,Withdrawal,12026,TL
2461,Withdrawal,56101,TL
2462,Withdrawal,97924,TL
2463,Withdrawal,50473,TL
2464,Withdrawal,28225,TL
2465,Withdrawal,86995,TL
2466,Withdrawal,61347,TL
2467,Withdrawal,21607,TL
2468,Withdrawal,61037,TL
2469,Withdrawal,10171,TL
2470,Withdrawal,79454,TL
2471,Withdrawal,31443,TL
2472,Withdrawal,94671,TL
2473,Withdrawal,50775,TL
2474,Withdrawal,65875,TL
2475,Withdrawal,82795,TL
2476,Withdrawal,94472,TL
2477,Withdrawal,95012,TL
2478,Withdrawal,13864,TL
2479,Withdrawal,64184,TL
2480,Withdrawal,20609,TL
2481,Withdrawal,12495,TL
2482,Withdrawal,58633,TL
2483,Withdrawal,90455,TL
2484,Withdrawal,62587,TL
2485,Withdrawal,62749,TL
2486,Withdrawal,509,TL
2487,Withdrawal,86914,TL
2488,Withdrawal,56765,TL
2489,Withdrawal,43207,TL
2490,Withdrawal,98660,TL
2491,Withdrawal,87848,TL
2492,Withdrawal,41779,TL
2493,Withdrawal,16984,TL
2494,Withdrawal,95550,TL
2495,Withdrawal,71570,TL
2496,Withdrawal,40017,TL
2497,Withdrawal,5321,TL
2498,Withdrawal,73459,TL
2499,Withdrawal,21010,TL
2500,Withdrawal,27272,TL
2501,Withdrawal,41785,TL
2502,Withdrawal,76101,TL
2503,Withdrawal,81400,TL
2504,Withdrawal,67204,TL
2505,Withdrawal,63124,TL
2506,Withdrawal,50757,TL
2507,Withdrawal,84761,TL
2508,Withdrawal,42449,TL
2509,Withdrawal,55177,TL
2510,Withdrawal,79315,TL
2511,Withdrawal,24625,TL
2512,Withdrawal,9994,TL
2513,Withdrawal,81277,TL
2514,Withdrawal,70242,TL
2515,Withdrawal,93888,TL
2516,Withdrawal,44884,TL
2517,Withdrawal,95320,TL
2518,Withdrawal,77723,TL
2519,Withdrawal,43630,TL
2520,Withdrawal,13354,TL
2521,Withdrawal,81988,TL
2522,Withdrawal,99096,TL
2523,Withdrawal,81459,TL
2524,Withdrawal,34169,TL
2525,Withdrawal,72593,TL
2526,Withdrawal,77170,TL
2527,Withdrawal,4141,TL
2528,Withdrawal,45249,TL
2529,Withdrawal,56554,TL
2530,Withdrawal,158,TL
2531,Withdrawal,51222,TL
2532,Withdrawal,91603,TL
2533,Withdrawal,45777,TL
2534,Withdrawal,48661,TL
2535,Withdrawal,73833,TL
2536,Withdrawal,90098,TL
2537,Withdrawal,51985,TL
2538,Withdrawal,86540,TL
2539,Withdrawal,36037,TL
2540,Withdrawal,6829,TL
2541,Withdrawal,5547,TL
2542,Withdrawal,30457,TL
2543,Withdrawal,4827,TL
2544,Withdrawal,3601,TL
2545,Withdrawal,78413,TL
2546,Withdrawal,61532,TL
2547,Withdrawal,39301,TL
2548,Withdrawal,71492,TL
2549,Withdrawal,73471,TL
2550,Withdrawal,61744,TL
2551,Withdrawal,59530,TL
2552,Withdrawal,71504,TL
2553,Withdrawal,7984,TL
2554,Withdrawal,67619,TL
2555,Withdrawal,61315,TL
2556,Withdrawal,44996,TL
2557,Withdrawal,49718,TL
2558,Withdrawal,34202,TL
2559,Withdrawal,44264,TL
2560,Withdrawal,39870,TL
2561,Withdrawal,60940,TL
2562,Withdrawal,93435,TL
2563,Withdrawal,37542,TL
2564,Withdrawal,22444,TL
2565,Withdrawal,67694,TL
2566,Withdrawal,72805,TL
2567,Withdrawal,40147,TL
2568,Withdrawal,9453,TL
2569,Withdrawal,99590,TL
2570,Withdrawal,12485,TL
2571,Withdrawal,40723,TL
2572,Withdrawal,59834,TL
2573,Withdrawal,38776,TL
2574,Withdrawal,82177,TL
2575,Withdrawal,45677,TL
2576,Withdrawal,11733,TL
2577,Withdrawal,75882,TL
2578,Withdrawal,52476,TL
2579,Withdrawal,23786,TL
2580,Withdrawal,36586,TL
2581,Withdrawal,95389,TL
2582,Withdrawal,19838,TL
2583,Withdrawal,70460,TL
2584,Withdrawal,9210,TL
2585,Withdrawal,3265,TL
2586,Withdrawal,19054,TL
2587,Withdrawal,5516,TL
2588,Withdrawal,60487,TL
2589,Withdrawal,65591,TL
2590,Withdrawal,82660,TL
2591,Withdrawal,44552,TL
2592,Withdrawal,87522,TL
2593,Withdrawal,48561,TL
2594,Withdrawal,22810,TL
2595,Withdrawal,25928,TL
2596,Withdrawal,45127,TL
2597,Withdrawal,37393,TL
2598,Withdrawal,17867,TL
2599,Withdrawal,32862,TL
2600,Withdrawal,31962,TL
2601,Withdrawal,64534,TL
2602,Withdrawal,83360,TL
2603,Withdrawal,23310,TL
2604,Withdrawal,14904,TL
2605,Withdrawal,96014,TL
2606,Withdrawal,94905,TL
2607,Withdrawal,69061,TL
2608,Withdrawal,5987,TL
2609,Withdrawal,8868,TL
2610,Withdrawal,9336,TL
2611,Withdrawal,9869,TL
2612,Withdrawal,17673,TL
2613,Withdrawal,42259,TL
2614,Withdrawal,99509,TL
2615,Withdrawal,48466,TL
2616,Withdrawal,74290,TL
2617,Withdrawal,20262,TL
2618,Withdrawal,78113,TL
2619,Withdrawal,47955,TL
2620,Withdrawal,50129,TL
2621,Withdrawal,25244,TL
2622,Withdrawal,36303,TL
2623,Withdrawal,44332,TL
2624,Withdrawal,38001,TL
2625,Withdrawal,47328,TL
2626,Withdrawal,64106,TL
2627,Withdrawal,53799,TL
2628,Withdrawal,25982,TL
2629,Withdrawal,47659,TL
2630,Withdrawal,51246,TL
2631,Withdrawal,37030,TL
2632,Withdrawal,74616,TL
2633,Withdrawal,51017,TL
2634,Withdrawal,89454,TL
2635,Withdrawal,80729,TL
2636,Withdrawal,42031,TL
2637,Withdrawal,26769,TL
2638,Withdrawal,10263,TL
2639,Withdrawal,70538,TL
2640,Withdrawal,222,TL
2641,Withdrawal,26253,TL
2642,Withdrawal,95935,TL
2643,Withdrawal,58810,TL
2644,Withdrawal,22179,TL
2645,Withdrawal,19368,TL
2646,Withdrawal,95396,TL
2647,Withdrawal,75717,TL
2648,Withdrawal,96587,TL
2649,Withdrawal,13504,TL
2650,Withdrawal,61920,TL
2651,Withdrawal,92865,TL
2652,Withdrawal,44501,TL
2653,Withdrawal,43881,TL
2654,Withdrawal,4779,TL
2655,Withdrawal,24817,TL
2656,Withdrawal,70712,TL
2657,Withdrawal,95965,TL
2658,Withdrawal,13214,TL
2659,Withdrawal,45833,TL
2660,Withdrawal,81422,TL
2661,Withdrawal,57816,TL
2662,Withdrawal,67793,TL
2663,Withdrawal,6670,TL
2664,Withdrawal,39414,TL
2665,Withdrawal,3082,TL
2666,Withdrawal,1603,TL
2667,Withdrawal,59404,TL
2668,Withdrawal,8090,TL
2669,Withdrawal,73777,TL
2670,Withdrawal,11711,TL
2671,Withdrawal,37019,TL
2672,Withdrawal,56506,TL
2673,Withdrawal,66101,TL
2674,Withdrawal,49927,TL
2675,Withdrawal,88906,TL
2676,Withdrawal,59023,TL
2677,Withdrawal,22229,TL
2678,Withdrawal,41164,TL
2679,Withdrawal,43434,TL
2680,Withdrawal,25177,TL
2681,Withdrawal,96356,TL
2682,Withdrawal,87525,TL
2683,Withdrawal,54374,TL
2684,Withdrawal,38107,TL
2685,Withdrawal,94233,TL
2686,Withdrawal,16766,TL
2687,Withdrawal,89282,TL
2688,Withdrawal,63130,TL
2689,Withdrawal,81997,TL
2690,Withdrawal,24868,TL
2691,Withdrawal,34771,TL
2692,Withdrawal,12020,TL
2693,Withdrawal,22340,TL
2694,Withdrawal,44212,TL
2695,Withdrawal,26187,TL
2696,Withdrawal,13064,TL
2697,Withdrawal,23852,TL
2698,Withdrawal,41205,TL
2699,Withdrawal,57303,TL
2700,Withdrawal,42169,TL
2701,Withdrawal,82858,TL
2702,Withdrawal,10185,TL
2703,Withdrawal,89439,TL
2704,Withdrawal,16080,TL
2705,Withdrawal,56147,TL
2706,Withdrawal,84065,TL
2707,Withdrawal,58793,TL
2708,Withdrawal,35205,TL
2709,Withdrawal,27686,TL
2710,Withdrawal,26402,TL
2711,Withdrawal,75813,TL
2712,Withdrawal,90580,TL
2713,Withdrawal,22761,TL
2714,Withdrawal,4430,TL
2715,Withdrawal,21052,TL
2716,Withdrawal,17205,TL
2717,Withdrawal,78926,TL
2718,Withdrawal,68123,TL
2719,Withdrawal,68243,TL
2720,Withdrawal,84250,TL
2721,Withdrawal,4742,TL
2722,Withdrawal,76408,TL
2723,Withdrawal,7216,TL
2724,Withdrawal,61598,TL
2725,Withdrawal,44474,TL
2726,Withdrawal,18449,TL
2727,Withdrawal,96799,TL
2728,Withdrawal,91696,TL
2729,Withdrawal,19771,TL
2730,Withdrawal,75240,TL
2731,Withdrawal,50986,TL
2732,Withdrawal,25907,TL
2733,Withdrawal,37785,TL
2734,Withdrawal,54747,TL
2735,Withdrawal,50435,USD
2736,Withdrawal,55312,USD
2737,Withdrawal,39287,USD
2738,Withdrawal,12471,USD
2739,Withdrawal,75741,USD
2740,Withdrawal,77386,USD
2741,Withdrawal,10033,USD
2742,Withdrawal,38514,USD
2743,Withdrawal,78953,USD
2744,Withdrawal,91963,USD
2745,Withdrawal,93972,USD
2746,Withdrawal,52101,USD
2747,Withdrawal,45463,USD
2748,Withdrawal,12643,USD
2749,Withdrawal,27845,USD
2750,Withdrawal,95026,USD
2751,Withdrawal,49629,USD
2752,Withdrawal,13052,USD
2753,Withdrawal,63296,USD
2754,Withdrawal,56554,USD
2755,Withdrawal,74434,USD
2756,Withdrawal,1303,USD
2757,Withdrawal,54839,USD
2758,Withdrawal,94092,USD
2759,Withdrawal,47965,USD
2760,Withdrawal,30566,USD
2761,Withdrawal,69839,USD
2762,Withdrawal,36293,USD
2763,Withdrawal,47659,USD
2764,Withdrawal,8818,USD
2765,Withdrawal,20144,USD
2766,Withdrawal,68229,USD
2767,Withdrawal,37025,USD
2768,Withdrawal,66656,USD
2769,Withdrawal,24066,USD
2770,Withdrawal,1907,USD
2771,Withdrawal,28962,USD
2772,Withdrawal,78472,USD
2773,Withdrawal,82123,USD
2774,Withdrawal,29617,USD
2775,Withdrawal,14781,USD
2776,Withdrawal,9347,USD
2777,Withdrawal,90295,USD
2778,Withdrawal,42493,USD
2779,Withdrawal,58716,USD
2780,Withdrawal,77688,USD
2781,Withdrawal,20493,USD
2782,Withdrawal,72123,USD
2783,Withdrawal,33959,USD
2784,Withdrawal,81952,USD
2785,Withdrawal,69524,USD
2786,Withdrawal,79175,USD
2787,Withdrawal,68155,USD
2788,Withdrawal,38693,USD
2789,Withdrawal,15050,USD
2790,Withdrawal,69759,USD
2791,Withdrawal,73811,USD
2792,Withdrawal,18763,USD
2793,Withdrawal,19851,USD
2794,Withdrawal,67569,USD
2795,Withdrawal,62222,USD
2796,Withdrawal,48630,USD
2797,Withdrawal,94197,USD
2798,Withdrawal,7876,USD
2799,Withdrawal,78275,USD
2800,Withdrawal,64604,USD
2801,Withdrawal,60163,USD
2802,Withdrawal,48039,USD
2803,Withdrawal,47904,USD
2804,Withdrawal,69192,USD
2805,Withdrawal,61484,USD
2806,Withdrawal,8432,USD
2807,Withdrawal,99974,USD
2808,Withdrawal,40816,USD
2809,Withdrawal,27825,USD
2810,Withdrawal,67568,USD
2811,Withdrawal,10016,USD
2812,Withdrawal,90860,USD
2813,Withdrawal,33357,USD
2814,Withdrawal,35667,USD
2815,Withdrawal,14521,USD
2816,Withdrawal,45261,USD
2817,Withdrawal,86045,USD
2818,Withdrawal,22058,USD
2819,Withdrawal,61375,USD
2820,Withdrawal,51816,USD
2821,Withdrawal,46326,USD
2822,Withdrawal,93500,USD
2823,Withdrawal,94553,USD
2824,Withdrawal,78918,USD
2825,Withdrawal,1638,USD
2826,Withdrawal,92915,USD
2827,Withdrawal,19323,USD
2828,Withdrawal,76613,USD
2829,Withdrawal,16747,USD
2830,Withdrawal,50990,USD
2831,Withdrawal,57983,USD
2832,Withdrawal,16652,USD
2833,Withdrawal,38885,USD
2834,Withdrawal,76716,USD
2835,Withdrawal,85559,USD
2836,Withdrawal,14684,USD
2837,Withdrawal,61431,USD
2838,Withdrawal,57184,USD
2839,Withdrawal,29893,USD
2840,Withdrawal,64725,USD
2841,Withdrawal,40187,USD
2842,Withdrawal,31812,USD
2843,Withdrawal,31216,USD
2844,Withdrawal,83763,USD
2845,Withdrawal,12272,USD
2846,Withdrawal,31670,USD
2847,Withdrawal,82541,USD
2848,Withdrawal,72644,USD
2849,Withdrawal,89221,USD
2850,Withdrawal,90676,USD
2851,Withdrawal,14152,USD
2852,Withdrawal,48293,USD
2853,Withdrawal,83106,USD
2854,Withdrawal,42184,USD
2855,Withdrawal,42923,USD
2856,Withdrawal,91909,USD
2857,Withdrawal,77302,USD
2858,Withdrawal,11840,USD
2859,Withdrawal,80406,USD
2860,Withdrawal,87911,USD
2861,Withdrawal,72001,USD
2862,Withdrawal,5577,USD
2863,Withdrawal,82352,USD
2864,Withdrawal,99247,USD
2865,Withdrawal,18650,USD
2866,Withdrawal,70231,USD
2867,Withdrawal,26757,USD
2868,Withdrawal,36075,USD
2869,Withdrawal,7181,USD
2870,Withdrawal,73489,USD
2871,Withdrawal,27502,USD
2872,Withdrawal,26901,USD
2873,Withdrawal,85271,USD
2874,Withdrawal,9761,USD
2875,Withdrawal,26363,USD
2876,Withdrawal,93916,USD
2877,Withdrawal,69783,USD
2878,Withdrawal,89044,USD
2879,Withdrawal,57366,USD
2880,Withdrawal,67573,USD
2881,Withdrawal,57150,USD
2882,Withdrawal,6961,USD
2883,Withdrawal,44415,USD
2884,Withdrawal,49403,USD
2885,Withdrawal,51662,USD
2886,Withdrawal,25900,USD
2887,Withdrawal,75598,USD
2888,Withdrawal,46569,USD
2889,Withdrawal,8456,USD
2890,Withdrawal,19532,USD
2891,Withdrawal,95762,USD
2892,Withdrawal,56879,USD
2893,Withdrawal,31434,USD
2894,Withdrawal,45989,USD
2895,Withdrawal,72666,USD
2896,Withdrawal,78751,USD
2897,Withdrawal,75477,USD
2898,Withdrawal,18595,USD
2899,Withdrawal,21470,USD
2900,Withdrawal,57062,USD
2901,Withdrawal,76963,USD
2902,Withdrawal,37255,USD
2903,Withdrawal,17295,USD
2904,Withdrawal,52860,USD
2905,Withdrawal,76972,USD
2906,Withdrawal,28512,USD
2907,Withdrawal,86256,USD
2908,Withdrawal,42588,USD
2909,Withdrawal,7509,USD
2910,Withdrawal,17742,USD
2911,Withdrawal,41636,USD
2912,Withdrawal,10789,USD
2913,Withdrawal,82646,USD
2914,Withdrawal,23071,USD
2915,Withdrawal,23756,USD
2916,Withdrawal,99160,USD
2917,Withdrawal,73712,USD
2918,Withdrawal,17349,USD
2919,Withdrawal,9623,USD
2920,Withdrawal,14393,USD
2921,Withdrawal,50461,USD
2922,Withdrawal,51880,USD
2923,Withdrawal,81581,USD
2924,Withdrawal,77407,USD
2925,Withdrawal,38648,USD
2926,Withdrawal,73570,USD
2927,Withdrawal,82963,USD
2928,Withdrawal,17397,USD
2929,Withdrawal,78477,USD
2930,Withdrawal,95804,USD
2931,Withdrawal,43114,USD
2932,Withdrawal,75500,USD
2933,Withdrawal,68136,USD
2934,Withdrawal,2572,USD
2935,Withdrawal,24223,USD
2936,Withdrawal,85003,USD
2937,Withdrawal,41928,USD
2938,Withdrawal,75250,USD
2939,Withdrawal,27990,USD
2940,Withdrawal,37627,USD
2941,Withdrawal,63504,USD
2942,Withdrawal,31910,USD
2943,Withdrawal,1458,USD
2944,Withdrawal,28754,USD
2945,Withdrawal,11235,USD
2946,Withdrawal,60157,USD
2947,Withdrawal,98237,USD
2948,Withdrawal,98400,USD
2949,Withdrawal,95029,USD
2950,Withdrawal,6236,USD
2951,Withdrawal,83836,USD
2952,Withdrawal,49243,USD
2953,Withdrawal,71667,USD
2954,Withdrawal,55494,USD
2955,Withdrawal,22004,USD
2956,Withdrawal,28259,USD
2957,Withdrawal,19242,USD
2958,Withdrawal,2302,USD
2959,Withdrawal,42715,USD
2960,Withdrawal,4242,USD
2961,Withdrawal,90337,USD
2962,Withdrawal,61111,USD
2963,Withdrawal,71846,USD
2964,Withdrawal,59973,USD
2965,Withdrawal,88295,USD
2966,Withdrawal,14611,USD
2967,Withdrawal,97621,USD
2968,Withdrawal,44832,USD
2969,Withdrawal,1258,USD
2970,Withdrawal,29764,USD
2971,Withdrawal,59511,USD
2972,Withdrawal,1294,USD
2973,Withdrawal,84624,USD
2974,Withdrawal,98025,USD
2975,Withdrawal,71587,USD
2976,Withdrawal,87112,USD
2977,Withdrawal,4140,USD
2978,Withdrawal,72141,USD
2979,Withdrawal,34189,USD
2980,Withdrawal,63856,USD
2981,Withdrawal,39064,USD
2982,Withdrawal,78667,USD
2983,Withdrawal,45299,USD
2984,Withdrawal,12060,USD
2985,Withdrawal,97647,USD
2986,Withdrawal,82721,USD
2987,Withdrawal,96170,USD
2988,Withdrawal,63401,USD
2989,Withdrawal,15668,USD
2990,Withdrawal,69443,USD
2991,Withdrawal,24502,USD
2992,Withdrawal,11128,USD
2993,Withdrawal,92811,USD
2994,Withdrawal,85294,USD
2995,Withdrawal,2870,USD
2996,Withdrawal,71389,USD
2997,Withdrawal,71395,USD
2998,Withdrawal,51514,USD
2999,Withdrawal,60130,USD
3000,Withdrawal,20151,USD
3001,Withdrawal,77301,USD
3002,Withdrawal,21965,USD
3003,Withdrawal,69165,USD
3004,Withdrawal,23094,USD
3005,Withdrawal,23888,USD
3006,Withdrawal,8043,USD
3007,Withdrawal,85597,USD
3008,Withdrawal,9143,USD
3009,Withdrawal,26268,USD
3010,Withdrawal,34475,USD
3011,Withdrawal,89010,USD
3012,Withdrawal,12251,USD
3013,Withdrawal,85550,USD
3014,Withdrawal,21547,USD
3015,Withdrawal,60716,USD
3016,Withdrawal,20567,USD
3017,Withdrawal,80441,USD
3018,Withdrawal,11668,USD
3019,Withdrawal,30269,USD
3020,Withdrawal,27335,USD
3021,Withdrawal,47103,USD
3022,Withdrawal,71182,USD
3023,Withdrawal,36688,USD
3024,Withdrawal,73640,USD
3025,Withdrawal,37207,USD
3026,Withdrawal,1926,USD
3027,Withdrawal,79731,USD
3028,Withdrawal,9551,USD
3029,Withdrawal,18852,USD
3030,Withdrawal,91293,USD
3031,Withdrawal,81627,USD
3032,Withdrawal,77277,USD
3033,Withdrawal,25354,USD
